cohort,levels,c_index,ci_lo,ci_hi,n
ADNI,CN<MCI<AD,0.6015987725643662,0.5864590763820814,0.6169959324019744,3683
PPMI,CN<PPD<PD,,,,1025
