cohort,levels,rho_s,p_s,n
ADNI,CN<MCI<AD,0.2069637517753683,6.41948254779261e-37,3683
PPMI,CN<PPD<PD,,,1025
